{"cameraMode":{"drawMode":0,"name":"Shaded","section":"Shading Mode"},"sceneLighting":true,"audioPlay":false,"sceneViewState":{"m_AlwaysRefresh":false,"showFog":true,"showSkybox":true,"showFlares":true,"showImageEffects":true,"showParticleSystems":true,"showVisualEffectGraphs":true,"m_FxEnabled":true},"in2DMode":false,"pivot":{"x":0.5214691162109375,"y":2.1676626205444338,"z":-0.2483987808227539},"rotation":{"x":-0.3572806119918823,"y":-0.1987515240907669,"z":0.07811994105577469,"w":-0.9092755317687988},"size":0.8660253882408142,"orthographic":true}